ALTER DATABASE hidra SET bytea_output TO 'escape';

INSERT INTO aid_types (id,nome) VALUES (0, 'Default, Type of Aid to Navigation not specified');
INSERT INTO aid_types (id,nome) VALUES (1, 'Reference point');
INSERT INTO aid_types (id,nome) VALUES (2, 'RACON (radar transponder marking a navigation hazard)');
INSERT INTO aid_types (id,nome) VALUES (3, 'Fixed structure off shore');
INSERT INTO aid_types (id,nome) VALUES (4, 'Spare, Reserved for future use.');
INSERT INTO aid_types (id,nome) VALUES (5, 'Light, without sectors');
INSERT INTO aid_types (id,nome) VALUES (6, 'Light, with sectors');
INSERT INTO aid_types (id,nome) VALUES (7, 'Leading Light Front');
INSERT INTO aid_types (id,nome) VALUES (8, 'Leading Light Rear');
INSERT INTO aid_types (id,nome) VALUES (9, 'Beacon, Cardinal N');
INSERT INTO aid_types (id,nome) VALUES (10, 'Beacon, Cardinal E');
INSERT INTO aid_types (id,nome) VALUES (11, 'Beacon, Cardinal S');
INSERT INTO aid_types (id,nome) VALUES (12, 'Beacon, Cardinal W');
INSERT INTO aid_types (id,nome) VALUES (13, 'Beacon, Port hand');
INSERT INTO aid_types (id,nome) VALUES (14, 'Beacon, Starboard hand');
INSERT INTO aid_types (id,nome) VALUES (15, 'Beacon, Preferred Channel port hand');
INSERT INTO aid_types (id,nome) VALUES (16, 'Beacon, Preferred Channel starboard hand');
INSERT INTO aid_types (id,nome) VALUES (17, 'Beacon, Isolated danger');
INSERT INTO aid_types (id,nome) VALUES (18, 'Beacon, Safe water');
INSERT INTO aid_types (id,nome) VALUES (19, 'Beacon, Special mark');
INSERT INTO aid_types (id,nome) VALUES (20, 'Cardinal Mark N');
INSERT INTO aid_types (id,nome) VALUES (21, 'Cardinal Mark E');
INSERT INTO aid_types (id,nome) VALUES (22, 'Cardinal Mark S');
INSERT INTO aid_types (id,nome) VALUES (23, 'Cardinal Mark W');
INSERT INTO aid_types (id,nome) VALUES (24, 'Port hand Mark');
INSERT INTO aid_types (id,nome) VALUES (25, 'Starboard hand Mark');
INSERT INTO aid_types (id,nome) VALUES (26, 'Preferred Channel Port hand');
INSERT INTO aid_types (id,nome) VALUES (27, 'Preferred Channel Starboard hand');
INSERT INTO aid_types (id,nome) VALUES (28, 'Isolated danger');
INSERT INTO aid_types (id,nome) VALUES (29, 'Safe Water');
INSERT INTO aid_types (id,nome) VALUES (30, 'Special Mark');
INSERT INTO aid_types (id,nome) VALUES (31, 'Light Vessel / LANBY / Rigs');

INSERT INTO paises (id_paises,nome,nome_ingles) VALUES (1, 'Albânia', 'Albania');
INSERT INTO paises (id_paises,nome,nome_ingles) VALUES (3, 'Áustria', 'Austria');
INSERT INTO paises (id_paises,nome,nome_ingles) VALUES (4, 'Açores', 'Azores');
INSERT INTO paises (id_paises,nome,nome_ingles) VALUES (5, 'Bélgica', 'Belgium');
INSERT INTO paises (id_paises,nome,nome_ingles) VALUES (6, 'Belarus', 'Belarus');
INSERT INTO paises (id_paises,nome,nome_ingles) VALUES (8, 'Cidade do Vaticano', 'Vatican City State');
INSERT INTO paises (id_paises,nome,nome_ingles) VALUES (9, 'Chipre', 'Cyprus');
INSERT INTO paises (id_paises,nome,nome_ingles) VALUES (11, 'Geórgia', 'Georgia');
INSERT INTO paises (id_paises,nome,nome_ingles) VALUES (12, 'Moldova', 'Moldova');
INSERT INTO paises (id_paises,nome,nome_ingles) VALUES (13, 'Malta', 'Malta');
INSERT INTO paises (id_paises,nome,nome_ingles) VALUES (14, 'Armênia', 'Armenia');
INSERT INTO paises (id_paises,nome,nome_ingles) VALUES (16, 'Espanha', 'Spain');
INSERT INTO paises (id_paises,nome,nome_ingles) VALUES (17, 'França', 'France');
INSERT INTO paises (id_paises,nome,nome_ingles) VALUES (18, 'Finlândia', 'Finland');
INSERT INTO paises (id_paises,nome,nome_ingles) VALUES (20, 'Reino Unido', 'United Kingdom');
INSERT INTO paises (id_paises,nome,nome_ingles) VALUES (21, 'Gibraltar', 'Gibraltar');
INSERT INTO paises (id_paises,nome,nome_ingles) VALUES (22, 'Grécia', 'Greece');
INSERT INTO paises (id_paises,nome,nome_ingles) VALUES (166, 'Ilha de Ascensão', 'Ascension Island');
INSERT INTO paises (id_paises,nome,nome_ingles) VALUES (25, 'Marrocos', 'Morocco');
INSERT INTO paises (id_paises,nome,nome_ingles) VALUES (26, 'Hungria', 'Hungary');
INSERT INTO paises (id_paises,nome,nome_ingles) VALUES (28, 'Itália', 'Italy');
INSERT INTO paises (id_paises,nome,nome_ingles) VALUES (29, 'Irlanda', 'Ireland');
INSERT INTO paises (id_paises,nome,nome_ingles) VALUES (30, 'Islândia', 'Iceland');
INSERT INTO paises (id_paises,nome,nome_ingles) VALUES (32, 'Luxemburgo', 'Luxembourg');
INSERT INTO paises (id_paises,nome,nome_ingles) VALUES (33, 'Mônaco', 'Monaco');
INSERT INTO paises (id_paises,nome,nome_ingles) VALUES (34, 'Madeira', 'Madeira');
INSERT INTO paises (id_paises,nome,nome_ingles) VALUES (35, 'Noruega', 'Norway');
INSERT INTO paises (id_paises,nome,nome_ingles) VALUES (37, 'Portugal', 'Portugal');
INSERT INTO paises (id_paises,nome,nome_ingles) VALUES (38, 'Romênia', 'Romania');
INSERT INTO paises (id_paises,nome,nome_ingles) VALUES (39, 'Suécia', 'Sweden');
INSERT INTO paises (id_paises,nome,nome_ingles) VALUES (41, 'San Marino', 'San Marino');
INSERT INTO paises (id_paises,nome,nome_ingles) VALUES (44, 'Turquia', 'Turkey');
INSERT INTO paises (id_paises,nome,nome_ingles) VALUES (42, 'Suíça', 'Switzterland');
INSERT INTO paises (id_paises,nome,nome_ingles) VALUES (45, 'Ucrânia', 'Ukraine');
INSERT INTO paises (id_paises,nome,nome_ingles) VALUES (46, 'Rússia', 'Russia');
INSERT INTO paises (id_paises,nome,nome_ingles) VALUES (161, 'Ilhas Wallis e Futuna', 'Wallis and Futuna Islands');
INSERT INTO paises (id_paises,nome,nome_ingles) VALUES (47, 'Macedônia', 'Macedonia');
INSERT INTO paises (id_paises,nome,nome_ingles) VALUES (50, 'Lituânia', 'Lithuania');
INSERT INTO paises (id_paises,nome,nome_ingles) VALUES (52, 'Sérvia e Montenegro', 'Serbia and Montenegro');
INSERT INTO paises (id_paises,nome,nome_ingles) VALUES (53, 'Anguilla', 'Anguilla');
INSERT INTO paises (id_paises,nome,nome_ingles) VALUES (54, 'Alasca', 'Alaska');
INSERT INTO paises (id_paises,nome,nome_ingles) VALUES (56, 'Antilhas Holandesas', 'Netherlands Antilles');
INSERT INTO paises (id_paises,nome,nome_ingles) VALUES (57, 'Aruba', 'Aruba');
INSERT INTO paises (id_paises,nome,nome_ingles) VALUES (58, 'Bahamas', 'Bahamas');
INSERT INTO paises (id_paises,nome,nome_ingles) VALUES (59, 'Bermudas', 'Bermuda');
INSERT INTO paises (id_paises,nome,nome_ingles) VALUES (61, 'Barbados', 'Barbados');
INSERT INTO paises (id_paises,nome,nome_ingles) VALUES (62, 'Canadá', 'Canada');
INSERT INTO paises (id_paises,nome,nome_ingles) VALUES (63, 'Ilhas Cayman', 'Cayman Islands');
INSERT INTO paises (id_paises,nome,nome_ingles) VALUES (65, 'Cuba', 'Cuba');
INSERT INTO paises (id_paises,nome,nome_ingles) VALUES (66, 'Dominica', 'Dominica');
INSERT INTO paises (id_paises,nome,nome_ingles) VALUES (67, 'República Dominicana', 'Dominican Republic');
INSERT INTO paises (id_paises,nome,nome_ingles) VALUES (69, 'Granada', 'Grenada');
INSERT INTO paises (id_paises,nome,nome_ingles) VALUES (70, 'Groenlândia', 'Greenland');
INSERT INTO paises (id_paises,nome,nome_ingles) VALUES (71, 'Guatemala', 'Guatemala');
INSERT INTO paises (id_paises,nome,nome_ingles) VALUES (72, 'Honduras', 'Honduras');
INSERT INTO paises (id_paises,nome,nome_ingles) VALUES (73, 'Haiti', 'Haiti');
INSERT INTO paises (id_paises,nome,nome_ingles) VALUES (75, 'Jamaica', 'Jamaica');
INSERT INTO paises (id_paises,nome,nome_ingles) VALUES (77, 'Santa Lúcia', 'Santa Lucia');
INSERT INTO paises (id_paises,nome,nome_ingles) VALUES (78, 'México', 'Mexico');
INSERT INTO paises (id_paises,nome,nome_ingles) VALUES (79, 'Martinica', 'Martinique');
INSERT INTO paises (id_paises,nome,nome_ingles) VALUES (80, 'Montserrat', 'Montserrat');
INSERT INTO paises (id_paises,nome,nome_ingles) VALUES (82, 'Panamá', 'Panama');
INSERT INTO paises (id_paises,nome,nome_ingles) VALUES (83, 'Porto Rico', 'Puerto Rico');
INSERT INTO paises (id_paises,nome,nome_ingles) VALUES (84, 'El Salvador', 'El Salvador');
INSERT INTO paises (id_paises,nome,nome_ingles) VALUES (88, 'São Vicente e Granadinas', 'Saint Vincent and the Grenadines');
INSERT INTO paises (id_paises,nome,nome_ingles) VALUES (86, 'Trinidad e Tobago', 'Trinidad and Tobago');
INSERT INTO paises (id_paises,nome,nome_ingles) VALUES (89, 'Ilhas Virgens Britânicas', 'British Virgin-Islands');
INSERT INTO paises (id_paises,nome,nome_ingles) VALUES (91, 'Afeganistão', 'Afghanistan');
INSERT INTO paises (id_paises,nome,nome_ingles) VALUES (92, 'Arábia Saudita', 'Saudi Arabia');
INSERT INTO paises (id_paises,nome,nome_ingles) VALUES (93, 'Bangladesh', 'Bangladesh');
INSERT INTO paises (id_paises,nome,nome_ingles) VALUES (94, 'Bahrain', 'Bahrain');
INSERT INTO paises (id_paises,nome,nome_ingles) VALUES (95, 'Butão', 'Bhutan');
INSERT INTO paises (id_paises,nome,nome_ingles) VALUES (96, 'China', 'China');
INSERT INTO paises (id_paises,nome,nome_ingles) VALUES (98, 'Sri Lanka', 'Sri Lanka');
INSERT INTO paises (id_paises,nome,nome_ingles) VALUES (99, 'Índia', 'India');
INSERT INTO paises (id_paises,nome,nome_ingles) VALUES (100, 'Irã', 'Iran');
INSERT INTO paises (id_paises,nome,nome_ingles) VALUES (102, 'Iraque', 'Iraq');
INSERT INTO paises (id_paises,nome,nome_ingles) VALUES (103, 'Israel', 'Israel');
INSERT INTO paises (id_paises,nome,nome_ingles) VALUES (104, 'Japão', 'Japan');
INSERT INTO paises (id_paises,nome,nome_ingles) VALUES (105, 'Turcomenistão', 'Turkmenistan');
INSERT INTO paises (id_paises,nome,nome_ingles) VALUES (107, 'Uzbequistão', 'Uzbekistan');
INSERT INTO paises (id_paises,nome,nome_ingles) VALUES (108, 'Jordânia', 'Jordan');
INSERT INTO paises (id_paises,nome,nome_ingles) VALUES (112, 'Kuwait', 'Kuwait');
INSERT INTO paises (id_paises,nome,nome_ingles) VALUES (109, 'Coréia do Sul', 'Korea');
INSERT INTO paises (id_paises,nome,nome_ingles) VALUES (111, 'Coréia do Norte', 'North Korea');
INSERT INTO paises (id_paises,nome,nome_ingles) VALUES (113, 'Líbano', 'Lebanon');
INSERT INTO paises (id_paises,nome,nome_ingles) VALUES (114, 'Quirguistão', 'Kyrgyzstan');
INSERT INTO paises (id_paises,nome,nome_ingles) VALUES (115, 'Macau', 'Macau');
INSERT INTO paises (id_paises,nome,nome_ingles) VALUES (117, 'Mongólia', 'Mongolia');
INSERT INTO paises (id_paises,nome,nome_ingles) VALUES (116, 'Maldivas', 'Maldives');
INSERT INTO paises (id_paises,nome,nome_ingles) VALUES (118, 'Nepal', 'Nepal');
INSERT INTO paises (id_paises,nome,nome_ingles) VALUES (119, 'Oman', 'Oman');
INSERT INTO paises (id_paises,nome,nome_ingles) VALUES (165, 'São Paulo e Ilhas Amsterdam', 'Amsterdam Island');
INSERT INTO paises (id_paises,nome,nome_ingles) VALUES (121, 'Catar', 'Quatar');
INSERT INTO paises (id_paises,nome,nome_ingles) VALUES (124, 'Iémen', 'Yemen');
INSERT INTO paises (id_paises,nome,nome_ingles) VALUES (125, 'Hong Kong', 'Hong Kong');
INSERT INTO paises (id_paises,nome,nome_ingles) VALUES (126, 'Bósnia e Herzegovina', 'Bosnia and Herzegovina');
INSERT INTO paises (id_paises,nome,nome_ingles) VALUES (128, 'Austrália', 'Australia');
INSERT INTO paises (id_paises,nome,nome_ingles) VALUES (129, 'Mianmar', 'Myanmar');
INSERT INTO paises (id_paises,nome,nome_ingles) VALUES (130, 'Brunei', 'Brunei');
INSERT INTO paises (id_paises,nome,nome_ingles) VALUES (131, 'Micronésia', 'Micronesia');
INSERT INTO paises (id_paises,nome,nome_ingles) VALUES (132, 'Palau', 'Palau');
INSERT INTO paises (id_paises,nome,nome_ingles) VALUES (134, 'Camboja', 'Cambodia');
INSERT INTO paises (id_paises,nome,nome_ingles) VALUES (135, 'Ilha de Natal', 'Christmas Island');
INSERT INTO paises (id_paises,nome,nome_ingles) VALUES (136, 'Ilhas Cook', 'Cook Islands');
INSERT INTO paises (id_paises,nome,nome_ingles) VALUES (138, 'Ilhas Cocos Keeling', 'Cocos Keeling Islands');
INSERT INTO paises (id_paises,nome,nome_ingles) VALUES (140, 'Kiribati', 'Kiribati');
INSERT INTO paises (id_paises,nome,nome_ingles) VALUES (142, 'Malásia', 'Malaysia');
INSERT INTO paises (id_paises,nome,nome_ingles) VALUES (141, 'Laos', 'Laos');
INSERT INTO paises (id_paises,nome,nome_ingles) VALUES (143, 'Ilhas Marianas do Norte', 'Northern Mariana Islands');
INSERT INTO paises (id_paises,nome,nome_ingles) VALUES (144, 'Ilhas Marshall', 'Marshall Islands');
INSERT INTO paises (id_paises,nome,nome_ingles) VALUES (146, 'Niue', 'Niue');
INSERT INTO paises (id_paises,nome,nome_ingles) VALUES (147, 'Nauru', 'Nauru');
INSERT INTO paises (id_paises,nome,nome_ingles) VALUES (148, 'Polinésia Francesa', 'French Polynesia');
INSERT INTO paises (id_paises,nome,nome_ingles) VALUES (149, 'Filipinas', 'Philippines');
INSERT INTO paises (id_paises,nome,nome_ingles) VALUES (154, 'Samoa', 'Samoa');
INSERT INTO paises (id_paises,nome,nome_ingles) VALUES (152, 'Ilhas Salomão', 'Solomon Islands');
INSERT INTO paises (id_paises,nome,nome_ingles) VALUES (153, 'Samoa Americana', 'American Samoa');
INSERT INTO paises (id_paises,nome,nome_ingles) VALUES (2, 'Andorra', 'Andorra');
INSERT INTO paises (id_paises,nome,nome_ingles) VALUES (0, 'N / D', 'na');
INSERT INTO paises (id_paises,nome,nome_ingles) VALUES (7, 'Bulgária', 'Bulgaria');
INSERT INTO paises (id_paises,nome,nome_ingles) VALUES (10, 'Alemanha', 'Germany');
INSERT INTO paises (id_paises,nome,nome_ingles) VALUES (15, 'Dinamarca', 'Denmark');
INSERT INTO paises (id_paises,nome,nome_ingles) VALUES (19, 'Ilhas Faroe', 'Faroe Islands');
INSERT INTO paises (id_paises,nome,nome_ingles) VALUES (23, 'Croácia', 'Croatia');
INSERT INTO paises (id_paises,nome,nome_ingles) VALUES (27, 'Holanda', 'Netherlands');
INSERT INTO paises (id_paises,nome,nome_ingles) VALUES (31, 'Liechtenstein', 'Liechtenstein');
INSERT INTO paises (id_paises,nome,nome_ingles) VALUES (36, 'Polônia', 'Poland');
INSERT INTO paises (id_paises,nome,nome_ingles) VALUES (40, 'República Eslovaca', 'Slovakia');
INSERT INTO paises (id_paises,nome,nome_ingles) VALUES (43, 'República Checa', 'Czech');
INSERT INTO paises (id_paises,nome,nome_ingles) VALUES (48, 'Látvia', 'Latvia');
INSERT INTO paises (id_paises,nome,nome_ingles) VALUES (51, 'Eslovênia', 'Slovenia');
INSERT INTO paises (id_paises,nome,nome_ingles) VALUES (55, 'Antigua e Barbuda', 'Antigua and Barbuda');
INSERT INTO paises (id_paises,nome,nome_ingles) VALUES (60, 'Belize', 'Belize');
INSERT INTO paises (id_paises,nome,nome_ingles) VALUES (64, 'Costa Rica', 'Costa Rica');
INSERT INTO paises (id_paises,nome,nome_ingles) VALUES (68, 'Guadalupe', 'Guadeloupe');
INSERT INTO paises (id_paises,nome,nome_ingles) VALUES (74, 'EUA', 'United States of America');
INSERT INTO paises (id_paises,nome,nome_ingles) VALUES (76, 'São Cristóvão e Nevis', 'Saint Kitts and Nevis');
INSERT INTO paises (id_paises,nome,nome_ingles) VALUES (81, 'Nicarágua', 'Nicaragua');
INSERT INTO paises (id_paises,nome,nome_ingles) VALUES (85, 'Saint Pierre e Miquelon', 'Saint Pierre and Miquelon');
INSERT INTO paises (id_paises,nome,nome_ingles) VALUES (87, 'Ilhas Turks e Caicos', 'Turks and Caicos Islands');
INSERT INTO paises (id_paises,nome,nome_ingles) VALUES (90, 'Ilhas Virgens Americanas', 'United States Virgin Islands');
INSERT INTO paises (id_paises,nome,nome_ingles) VALUES (97, 'Taiwan', 'Taiwan');
INSERT INTO paises (id_paises,nome,nome_ingles) VALUES (101, 'Azerbaijão', 'Azerbaijan');
INSERT INTO paises (id_paises,nome,nome_ingles) VALUES (106, 'Cazaquistão', 'Kazakhstan');
INSERT INTO paises (id_paises,nome,nome_ingles) VALUES (110, 'Territórios Palestinos', 'Palestinian Territory');
INSERT INTO paises (id_paises,nome,nome_ingles) VALUES (120, 'Paquistão', 'Pakistan');
INSERT INTO paises (id_paises,nome,nome_ingles) VALUES (123, 'Emirados Árabes Unidos', 'United Arab Emirates');
INSERT INTO paises (id_paises,nome,nome_ingles) VALUES (234, 'Venezuela', 'Venezuela');
INSERT INTO paises (id_paises,nome,nome_ingles) VALUES (127, 'Terra Adélia', 'Adelie Land');
INSERT INTO paises (id_paises,nome,nome_ingles) VALUES (133, 'Nova Zelândia', 'New Zealand');
INSERT INTO paises (id_paises,nome,nome_ingles) VALUES (137, 'Ilhas Fiji', 'Fiji Islands');
INSERT INTO paises (id_paises,nome,nome_ingles) VALUES (139, 'Indonésia', 'Indonesia');
INSERT INTO paises (id_paises,nome,nome_ingles) VALUES (145, 'Nova Caledônia', 'New Caledonia');
INSERT INTO paises (id_paises,nome,nome_ingles) VALUES (150, 'Papua Nova Guiné', 'Papua New Guinea');
INSERT INTO paises (id_paises,nome,nome_ingles) VALUES (155, 'Cingapura', 'Singapore');
INSERT INTO paises (id_paises,nome,nome_ingles) VALUES (156, 'Tailândia', 'Thailand');
INSERT INTO paises (id_paises,nome,nome_ingles) VALUES (151, 'Ilha Pitcairn', 'Pitcairn Island');
INSERT INTO paises (id_paises,nome,nome_ingles) VALUES (163, 'Angola', 'Angola');
INSERT INTO paises (id_paises,nome,nome_ingles) VALUES (164, 'Argélia', 'Algeria');
INSERT INTO paises (id_paises,nome,nome_ingles) VALUES (175, 'Arquipélago Crozet', 'Crozet Islands');
INSERT INTO paises (id_paises,nome,nome_ingles) VALUES (168, 'Benin', 'Benin');
INSERT INTO paises (id_paises,nome,nome_ingles) VALUES (223, 'Bolívia', 'Bolivia');
INSERT INTO paises (id_paises,nome,nome_ingles) VALUES (169, 'Botswana', 'Botswana');
INSERT INTO paises (id_paises,nome,nome_ingles) VALUES (222, 'Brasil', 'Brazil');
INSERT INTO paises (id_paises,nome,nome_ingles) VALUES (187, 'Burkina Faso', 'Burkina Faso');
INSERT INTO paises (id_paises,nome,nome_ingles) VALUES (167, 'Burundi', 'Burundi');
INSERT INTO paises (id_paises,nome,nome_ingles) VALUES (174, 'Cabo Verde', 'Cape Verde');
INSERT INTO paises (id_paises,nome,nome_ingles) VALUES (171, 'Camarões', 'Cameroon');
INSERT INTO paises (id_paises,nome,nome_ingles) VALUES (212, 'Chade', 'Chad');
INSERT INTO paises (id_paises,nome,nome_ingles) VALUES (224, 'Chile', 'Chile');
INSERT INTO paises (id_paises,nome,nome_ingles) VALUES (225, 'Colômbia', 'Colombia');
INSERT INTO paises (id_paises,nome,nome_ingles) VALUES (173, 'Comores', 'Comoros');
INSERT INTO paises (id_paises,nome,nome_ingles) VALUES (172, 'Congo', 'Congo');
INSERT INTO paises (id_paises,nome,nome_ingles) VALUES (176, 'Costa do Marfim', 'Ivory Coast');
INSERT INTO paises (id_paises,nome,nome_ingles) VALUES (177, 'Djibouti', 'Djibouti');
INSERT INTO paises (id_paises,nome,nome_ingles) VALUES (178, 'Egito', 'Egypt');
INSERT INTO paises (id_paises,nome,nome_ingles) VALUES (226, 'Equador', 'Ecuador');
INSERT INTO paises (id_paises,nome,nome_ingles) VALUES (180, 'Eritreia', 'Eritrea');
INSERT INTO paises (id_paises,nome,nome_ingles) VALUES (179, 'Etiópia', 'Ethiopia');
INSERT INTO paises (id_paises,nome,nome_ingles) VALUES (181, 'Gabão', 'Gabon');
INSERT INTO paises (id_paises,nome,nome_ingles) VALUES (183, 'Gâmbia', 'Gambia');
INSERT INTO paises (id_paises,nome,nome_ingles) VALUES (182, 'Gana', 'Ghana');
INSERT INTO paises (id_paises,nome,nome_ingles) VALUES (229, 'Guiana', 'Guyana');
INSERT INTO paises (id_paises,nome,nome_ingles) VALUES (228, 'Guiana Francesa', 'French Guiana');
INSERT INTO paises (id_paises,nome,nome_ingles) VALUES (186, 'Guiné', 'Guinea');
INSERT INTO paises (id_paises,nome,nome_ingles) VALUES (184, 'Guiné-Bissau', 'Guinea-Bissau');
INSERT INTO paises (id_paises,nome,nome_ingles) VALUES (185, 'Guiné Equatorial', 'Equatorial Guinea');
INSERT INTO paises (id_paises,nome,nome_ingles) VALUES (189, 'Ilhas Kerguelen', 'Kerguelen Islands');
INSERT INTO paises (id_paises,nome,nome_ingles) VALUES (227, 'Ilhas Malvinas', 'Falkland Islands');
INSERT INTO paises (id_paises,nome,nome_ingles) VALUES (192, 'Lesoto', 'Lesotho');
INSERT INTO paises (id_paises,nome,nome_ingles) VALUES (190, 'Libéria', 'Liberia');
INSERT INTO paises (id_paises,nome,nome_ingles) VALUES (191, 'Líbia', 'Libya');
INSERT INTO paises (id_paises,nome,nome_ingles) VALUES (194, 'Madagáscar', 'Madagascar');
INSERT INTO paises (id_paises,nome,nome_ingles) VALUES (198, 'Malavi', 'Malawi');
INSERT INTO paises (id_paises,nome,nome_ingles) VALUES (195, 'Mali', 'Mali');
INSERT INTO paises (id_paises,nome,nome_ingles) VALUES (193, 'Maurício', 'Mauritius');
INSERT INTO paises (id_paises,nome,nome_ingles) VALUES (197, 'Mauritânia', 'Mauritania');
INSERT INTO paises (id_paises,nome,nome_ingles) VALUES (196, 'Moçambique', 'Mozambique');
INSERT INTO paises (id_paises,nome,nome_ingles) VALUES (201, 'Namíbia', 'Namibia');
INSERT INTO paises (id_paises,nome,nome_ingles) VALUES (199, 'Níger', 'Niger');
INSERT INTO paises (id_paises,nome,nome_ingles) VALUES (200, 'Nigéria', 'Nigeria');
INSERT INTO paises (id_paises,nome,nome_ingles) VALUES (230, 'Paraguai', 'Paraguay');
INSERT INTO paises (id_paises,nome,nome_ingles) VALUES (231, 'Peru', 'Peru');
INSERT INTO paises (id_paises,nome,nome_ingles) VALUES (188, 'Quênia', 'Kenya');
INSERT INTO paises (id_paises,nome,nome_ingles) VALUES (220, 'Zimbábue', 'Zimbabwe');
INSERT INTO paises (id_paises,nome,nome_ingles) VALUES (219, 'Zâmbia', 'Zambia');
INSERT INTO paises (id_paises,nome,nome_ingles) VALUES (159, 'Vietnã', 'Vietnam');
INSERT INTO paises (id_paises,nome,nome_ingles) VALUES (160, 'Vanuatu', 'Vanuatu');
INSERT INTO paises (id_paises,nome,nome_ingles) VALUES (233, 'Uruguai', 'Uruguay');
INSERT INTO paises (id_paises,nome,nome_ingles) VALUES (216, 'Uganda', 'Uganda');
INSERT INTO paises (id_paises,nome,nome_ingles) VALUES (158, 'Tuvalu', 'Tuvalu');
INSERT INTO paises (id_paises,nome,nome_ingles) VALUES (214, 'Tunísia', 'Tunisia');
INSERT INTO paises (id_paises,nome,nome_ingles) VALUES (157, 'Tonga', 'Tonga');
INSERT INTO paises (id_paises,nome,nome_ingles) VALUES (215, 'Tanzânia', 'Tanzania');
INSERT INTO paises (id_paises,nome,nome_ingles) VALUES (232, 'Suriname', 'Suriname');
INSERT INTO paises (id_paises,nome,nome_ingles) VALUES (204, 'Sudão', 'Sudan');
INSERT INTO paises (id_paises,nome,nome_ingles) VALUES (211, 'Suazilândia', 'Swaziland');
INSERT INTO paises (id_paises,nome,nome_ingles) VALUES (208, 'Somália', 'Somalia');
INSERT INTO paises (id_paises,nome,nome_ingles) VALUES (206, 'Seychelles', 'Seychelles');
INSERT INTO paises (id_paises,nome,nome_ingles) VALUES (122, 'Síria', 'Syria');
INSERT INTO paises (id_paises,nome,nome_ingles) VALUES (209, 'Serra Leoa', 'Sierra Leone');
INSERT INTO paises (id_paises,nome,nome_ingles) VALUES (205, 'Senegal', 'Senegal');
INSERT INTO paises (id_paises,nome,nome_ingles) VALUES (210, 'São Tomé e Príncipe', 'Sao Tome and Principe');
INSERT INTO paises (id_paises,nome,nome_ingles) VALUES (207, 'Santa Helena', 'Saint Helena');
INSERT INTO paises (id_paises,nome,nome_ingles) VALUES (203, 'Ruanda', 'Rwanda');
INSERT INTO paises (id_paises,nome,nome_ingles) VALUES (202, 'Reunião', 'Reunion');
INSERT INTO paises (id_paises,nome,nome_ingles) VALUES (213, 'República do Togo', 'Togo');
INSERT INTO paises (id_paises,nome,nome_ingles) VALUES (217, 'Congo', 'Congo');
INSERT INTO paises (id_paises,nome,nome_ingles) VALUES (170, 'República Centro-Africano', 'Central African Republic');
INSERT INTO paises (id_paises,nome,nome_ingles) VALUES (221, 'Argentina', 'Argentina');
INSERT INTO paises (id_paises,nome,nome_ingles) VALUES (49, 'Estônia', 'Estonia');
INSERT INTO paises (id_paises,nome,nome_ingles) VALUES (162, 'África do Sul', 'South Africa');

INSERT INTO status_navio (id_nav_status,nome) VALUES (0, 'Em curso');
INSERT INTO status_navio (id_nav_status,nome) VALUES (1, 'Ancorado');
INSERT INTO status_navio (id_nav_status,nome) VALUES (2, 'Sem comando');
INSERT INTO status_navio (id_nav_status,nome) VALUES (3, 'Manobrabilidade Restrita');
INSERT INTO status_navio (id_nav_status,nome) VALUES (4, 'Constrained by her draught');
INSERT INTO status_navio (id_nav_status,nome) VALUES (5, 'Atracado');
INSERT INTO status_navio (id_nav_status,nome) VALUES (6, 'Encalhado');
INSERT INTO status_navio (id_nav_status,nome) VALUES (7, 'Em faina de pesca');
INSERT INTO status_navio (id_nav_status,nome) VALUES (8, 'Em curso, velejando');
INSERT INTO status_navio (id_nav_status,nome) VALUES (9, 'Nao disponivel');

INSERT INTO tipo_navio (id_tipo_navio,nome) VALUES (0, 'Não disponível');
INSERT INTO tipo_navio (id_tipo_navio,nome) VALUES (1, 'Asa-na-Terra');
INSERT INTO tipo_navio (id_tipo_navio,nome) VALUES (2, 'Navio de Pesca');
INSERT INTO tipo_navio (id_tipo_navio,nome) VALUES (3, 'Navio de Reboque');
INSERT INTO tipo_navio (id_tipo_navio,nome) VALUES (4, 'Draga');
INSERT INTO tipo_navio (id_tipo_navio,nome) VALUES (6, 'Navio Militar');
INSERT INTO tipo_navio (id_tipo_navio,nome) VALUES (5, 'Embarcacao de Mergulho');
INSERT INTO tipo_navio (id_tipo_navio,nome) VALUES (7, 'Embarcacao a vela');
INSERT INTO tipo_navio (id_tipo_navio,nome) VALUES (8, 'Embarcacao de recreio');
INSERT INTO tipo_navio (id_tipo_navio,nome) VALUES (9, 'Embarcacao de Alta Velocidade');
INSERT INTO tipo_navio (id_tipo_navio,nome) VALUES (10, 'Pilot vessel');
INSERT INTO tipo_navio (id_tipo_navio,nome) VALUES (11, 'Navio SAR');
INSERT INTO tipo_navio (id_tipo_navio,nome) VALUES (12, 'Rebocador');
INSERT INTO tipo_navio (id_tipo_navio,nome) VALUES (13, 'Port tender');
INSERT INTO tipo_navio (id_tipo_navio,nome) VALUES (14, 'Navio anti-poluicao');
INSERT INTO tipo_navio (id_tipo_navio,nome) VALUES (15, 'Navio de Execucao da Lei');
INSERT INTO tipo_navio (id_tipo_navio,nome) VALUES (16, 'Navio Local');
INSERT INTO tipo_navio (id_tipo_navio,nome) VALUES (17, 'Transporte de Medicamentos');
INSERT INTO tipo_navio (id_tipo_navio,nome) VALUES (18, 'Embarcacao Especial');
INSERT INTO tipo_navio (id_tipo_navio,nome) VALUES (19, 'Passageiro');
INSERT INTO tipo_navio (id_tipo_navio,nome) VALUES (20, 'Carga');
INSERT INTO tipo_navio (id_tipo_navio,nome) VALUES (21, 'Petroleiro');
INSERT INTO tipo_navio (id_tipo_navio,nome) VALUES (22, 'Navio Aeródromo');
INSERT INTO tipo_navio (id_tipo_navio,nome) VALUES (23, 'Fragata');
INSERT INTO tipo_navio (id_tipo_navio,nome) VALUES (24, 'Contratorpedeiro');
INSERT INTO tipo_navio (id_tipo_navio,nome) VALUES (25, 'Varredor');
INSERT INTO tipo_navio (id_tipo_navio,nome) VALUES (26, 'Navio Patrulha');
INSERT INTO tipo_navio (id_tipo_navio,nome) VALUES (27, 'Navio de Des. Carros de Combate');
INSERT INTO tipo_navio (id_tipo_navio,nome) VALUES (28, 'Mercante');
INSERT INTO tipo_navio (id_tipo_navio,nome) VALUES (29, 'Navio Genérico');
INSERT INTO tipo_navio (id_tipo_navio,nome) VALUES (30, 'Navio Tanque');
INSERT INTO tipo_navio (id_tipo_navio,nome) VALUES (31, 'Corveta');
INSERT INTO tipo_navio (id_tipo_navio,nome) VALUES (32, 'Navio de Des. de Doca');


INSERT INTO ais_navstatus (id_nav_status,id_nav_status_ais) VALUES (0, 0);
INSERT INTO ais_navstatus (id_nav_status,id_nav_status_ais) VALUES (1, 1);
INSERT INTO ais_navstatus (id_nav_status,id_nav_status_ais) VALUES (2, 2);
INSERT INTO ais_navstatus (id_nav_status,id_nav_status_ais) VALUES (3, 3);
INSERT INTO ais_navstatus (id_nav_status,id_nav_status_ais) VALUES (4, 4);
INSERT INTO ais_navstatus (id_nav_status,id_nav_status_ais) VALUES (5, 5);
INSERT INTO ais_navstatus (id_nav_status,id_nav_status_ais) VALUES (6, 6);
INSERT INTO ais_navstatus (id_nav_status,id_nav_status_ais) VALUES (7, 7);
INSERT INTO ais_navstatus (id_nav_status,id_nav_status_ais) VALUES (8, 8);
INSERT INTO ais_navstatus (id_nav_status,id_nav_status_ais) VALUES (9, 9);
INSERT INTO ais_navstatus (id_nav_status,id_nav_status_ais) VALUES (9, 10);
INSERT INTO ais_navstatus (id_nav_status,id_nav_status_ais) VALUES (9, 11);
INSERT INTO ais_navstatus (id_nav_status,id_nav_status_ais) VALUES (9, 12);
INSERT INTO ais_navstatus (id_nav_status,id_nav_status_ais) VALUES (9, 13);
INSERT INTO ais_navstatus (id_nav_status,id_nav_status_ais) VALUES (9, 14);
INSERT INTO ais_navstatus (id_nav_status,id_nav_status_ais) VALUES (9, 15);

INSERT INTO ais_paises (id_paises,id_paises_ais) VALUES (167, 609);
INSERT INTO ais_paises (id_paises,id_paises_ais) VALUES (168, 610);
INSERT INTO ais_paises (id_paises,id_paises_ais) VALUES (169, 611);
INSERT INTO ais_paises (id_paises,id_paises_ais) VALUES (170, 612);
INSERT INTO ais_paises (id_paises,id_paises_ais) VALUES (171, 613);
INSERT INTO ais_paises (id_paises,id_paises_ais) VALUES (172, 615);
INSERT INTO ais_paises (id_paises,id_paises_ais) VALUES (173, 616);
INSERT INTO ais_paises (id_paises,id_paises_ais) VALUES (174, 617);
INSERT INTO ais_paises (id_paises,id_paises_ais) VALUES (175, 618);
INSERT INTO ais_paises (id_paises,id_paises_ais) VALUES (176, 619);
INSERT INTO ais_paises (id_paises,id_paises_ais) VALUES (177, 621);
INSERT INTO ais_paises (id_paises,id_paises_ais) VALUES (178, 622);
INSERT INTO ais_paises (id_paises,id_paises_ais) VALUES (179, 624);
INSERT INTO ais_paises (id_paises,id_paises_ais) VALUES (180, 625);
INSERT INTO ais_paises (id_paises,id_paises_ais) VALUES (181, 626);
INSERT INTO ais_paises (id_paises,id_paises_ais) VALUES (182, 627);
INSERT INTO ais_paises (id_paises,id_paises_ais) VALUES (183, 629);
INSERT INTO ais_paises (id_paises,id_paises_ais) VALUES (184, 630);
INSERT INTO ais_paises (id_paises,id_paises_ais) VALUES (185, 631);
INSERT INTO ais_paises (id_paises,id_paises_ais) VALUES (186, 632);
INSERT INTO ais_paises (id_paises,id_paises_ais) VALUES (187, 633);
INSERT INTO ais_paises (id_paises,id_paises_ais) VALUES (188, 634);
INSERT INTO ais_paises (id_paises,id_paises_ais) VALUES (189, 635);
INSERT INTO ais_paises (id_paises,id_paises_ais) VALUES (190, 636);
INSERT INTO ais_paises (id_paises,id_paises_ais) VALUES (190, 637);
INSERT INTO ais_paises (id_paises,id_paises_ais) VALUES (191, 642);
INSERT INTO ais_paises (id_paises,id_paises_ais) VALUES (192, 644);
INSERT INTO ais_paises (id_paises,id_paises_ais) VALUES (193, 645);
INSERT INTO ais_paises (id_paises,id_paises_ais) VALUES (194, 647);
INSERT INTO ais_paises (id_paises,id_paises_ais) VALUES (195, 649);
INSERT INTO ais_paises (id_paises,id_paises_ais) VALUES (196, 650);
INSERT INTO ais_paises (id_paises,id_paises_ais) VALUES (197, 654);
INSERT INTO ais_paises (id_paises,id_paises_ais) VALUES (198, 655);
INSERT INTO ais_paises (id_paises,id_paises_ais) VALUES (199, 656);
INSERT INTO ais_paises (id_paises,id_paises_ais) VALUES (200, 657);
INSERT INTO ais_paises (id_paises,id_paises_ais) VALUES (201, 659);
INSERT INTO ais_paises (id_paises,id_paises_ais) VALUES (202, 660);
INSERT INTO ais_paises (id_paises,id_paises_ais) VALUES (203, 661);
INSERT INTO ais_paises (id_paises,id_paises_ais) VALUES (204, 662);
INSERT INTO ais_paises (id_paises,id_paises_ais) VALUES (205, 663);
INSERT INTO ais_paises (id_paises,id_paises_ais) VALUES (206, 664);
INSERT INTO ais_paises (id_paises,id_paises_ais) VALUES (207, 665);
INSERT INTO ais_paises (id_paises,id_paises_ais) VALUES (208, 666);
INSERT INTO ais_paises (id_paises,id_paises_ais) VALUES (209, 667);
INSERT INTO ais_paises (id_paises,id_paises_ais) VALUES (210, 668);
INSERT INTO ais_paises (id_paises,id_paises_ais) VALUES (211, 669);
INSERT INTO ais_paises (id_paises,id_paises_ais) VALUES (212, 670);
INSERT INTO ais_paises (id_paises,id_paises_ais) VALUES (213, 671);
INSERT INTO ais_paises (id_paises,id_paises_ais) VALUES (214, 672);
INSERT INTO ais_paises (id_paises,id_paises_ais) VALUES (215, 674);
INSERT INTO ais_paises (id_paises,id_paises_ais) VALUES (216, 675);
INSERT INTO ais_paises (id_paises,id_paises_ais) VALUES (217, 676);
INSERT INTO ais_paises (id_paises,id_paises_ais) VALUES (215, 677);
INSERT INTO ais_paises (id_paises,id_paises_ais) VALUES (219, 678);
INSERT INTO ais_paises (id_paises,id_paises_ais) VALUES (220, 679);
INSERT INTO ais_paises (id_paises,id_paises_ais) VALUES (221, 701);
INSERT INTO ais_paises (id_paises,id_paises_ais) VALUES (222, 710);
INSERT INTO ais_paises (id_paises,id_paises_ais) VALUES (223, 720);
INSERT INTO ais_paises (id_paises,id_paises_ais) VALUES (0, 0);
INSERT INTO ais_paises (id_paises,id_paises_ais) VALUES (0, 119);
INSERT INTO ais_paises (id_paises,id_paises_ais) VALUES (1, 201);
INSERT INTO ais_paises (id_paises,id_paises_ais) VALUES (2, 202);
INSERT INTO ais_paises (id_paises,id_paises_ais) VALUES (3, 203);
INSERT INTO ais_paises (id_paises,id_paises_ais) VALUES (4, 204);
INSERT INTO ais_paises (id_paises,id_paises_ais) VALUES (5, 205);
INSERT INTO ais_paises (id_paises,id_paises_ais) VALUES (6, 206);
INSERT INTO ais_paises (id_paises,id_paises_ais) VALUES (7, 207);
INSERT INTO ais_paises (id_paises,id_paises_ais) VALUES (8, 208);
INSERT INTO ais_paises (id_paises,id_paises_ais) VALUES (9, 212);
INSERT INTO ais_paises (id_paises,id_paises_ais) VALUES (9, 209);
INSERT INTO ais_paises (id_paises,id_paises_ais) VALUES (9, 210);
INSERT INTO ais_paises (id_paises,id_paises_ais) VALUES (10, 218);
INSERT INTO ais_paises (id_paises,id_paises_ais) VALUES (10, 211);
INSERT INTO ais_paises (id_paises,id_paises_ais) VALUES (11, 213);
INSERT INTO ais_paises (id_paises,id_paises_ais) VALUES (12, 214);
INSERT INTO ais_paises (id_paises,id_paises_ais) VALUES (13, 248);
INSERT INTO ais_paises (id_paises,id_paises_ais) VALUES (13, 256);
INSERT INTO ais_paises (id_paises,id_paises_ais) VALUES (13, 215);
INSERT INTO ais_paises (id_paises,id_paises_ais) VALUES (13, 249);
INSERT INTO ais_paises (id_paises,id_paises_ais) VALUES (14, 216);
INSERT INTO ais_paises (id_paises,id_paises_ais) VALUES (15, 219);
INSERT INTO ais_paises (id_paises,id_paises_ais) VALUES (15, 220);
INSERT INTO ais_paises (id_paises,id_paises_ais) VALUES (16, 225);
INSERT INTO ais_paises (id_paises,id_paises_ais) VALUES (16, 224);
INSERT INTO ais_paises (id_paises,id_paises_ais) VALUES (17, 226);
INSERT INTO ais_paises (id_paises,id_paises_ais) VALUES (17, 227);
INSERT INTO ais_paises (id_paises,id_paises_ais) VALUES (17, 228);
INSERT INTO ais_paises (id_paises,id_paises_ais) VALUES (18, 230);
INSERT INTO ais_paises (id_paises,id_paises_ais) VALUES (19, 231);
INSERT INTO ais_paises (id_paises,id_paises_ais) VALUES (20, 234);
INSERT INTO ais_paises (id_paises,id_paises_ais) VALUES (20, 232);
INSERT INTO ais_paises (id_paises,id_paises_ais) VALUES (20, 233);
INSERT INTO ais_paises (id_paises,id_paises_ais) VALUES (20, 235);
INSERT INTO ais_paises (id_paises,id_paises_ais) VALUES (21, 236);
INSERT INTO ais_paises (id_paises,id_paises_ais) VALUES (22, 240);
INSERT INTO ais_paises (id_paises,id_paises_ais) VALUES (22, 239);
INSERT INTO ais_paises (id_paises,id_paises_ais) VALUES (22, 237);
INSERT INTO ais_paises (id_paises,id_paises_ais) VALUES (23, 238);
INSERT INTO ais_paises (id_paises,id_paises_ais) VALUES (25, 242);
INSERT INTO ais_paises (id_paises,id_paises_ais) VALUES (26, 243);
INSERT INTO ais_paises (id_paises,id_paises_ais) VALUES (27, 245);
INSERT INTO ais_paises (id_paises,id_paises_ais) VALUES (27, 244);
INSERT INTO ais_paises (id_paises,id_paises_ais) VALUES (27, 246);
INSERT INTO ais_paises (id_paises,id_paises_ais) VALUES (28, 247);
INSERT INTO ais_paises (id_paises,id_paises_ais) VALUES (29, 250);
INSERT INTO ais_paises (id_paises,id_paises_ais) VALUES (30, 251);
INSERT INTO ais_paises (id_paises,id_paises_ais) VALUES (31, 252);
INSERT INTO ais_paises (id_paises,id_paises_ais) VALUES (32, 253);
INSERT INTO ais_paises (id_paises,id_paises_ais) VALUES (33, 254);
INSERT INTO ais_paises (id_paises,id_paises_ais) VALUES (34, 255);
INSERT INTO ais_paises (id_paises,id_paises_ais) VALUES (35, 257);
INSERT INTO ais_paises (id_paises,id_paises_ais) VALUES (35, 258);
INSERT INTO ais_paises (id_paises,id_paises_ais) VALUES (35, 259);
INSERT INTO ais_paises (id_paises,id_paises_ais) VALUES (36, 261);
INSERT INTO ais_paises (id_paises,id_paises_ais) VALUES (37, 263);
INSERT INTO ais_paises (id_paises,id_paises_ais) VALUES (38, 264);
INSERT INTO ais_paises (id_paises,id_paises_ais) VALUES (39, 265);
INSERT INTO ais_paises (id_paises,id_paises_ais) VALUES (39, 266);
INSERT INTO ais_paises (id_paises,id_paises_ais) VALUES (40, 267);
INSERT INTO ais_paises (id_paises,id_paises_ais) VALUES (41, 268);
INSERT INTO ais_paises (id_paises,id_paises_ais) VALUES (42, 269);
INSERT INTO ais_paises (id_paises,id_paises_ais) VALUES (43, 270);
INSERT INTO ais_paises (id_paises,id_paises_ais) VALUES (44, 271);
INSERT INTO ais_paises (id_paises,id_paises_ais) VALUES (45, 272);
INSERT INTO ais_paises (id_paises,id_paises_ais) VALUES (46, 273);
INSERT INTO ais_paises (id_paises,id_paises_ais) VALUES (47, 274);
INSERT INTO ais_paises (id_paises,id_paises_ais) VALUES (48, 275);
INSERT INTO ais_paises (id_paises,id_paises_ais) VALUES (49, 276);
INSERT INTO ais_paises (id_paises,id_paises_ais) VALUES (50, 277);
INSERT INTO ais_paises (id_paises,id_paises_ais) VALUES (51, 278);
INSERT INTO ais_paises (id_paises,id_paises_ais) VALUES (52, 279);
INSERT INTO ais_paises (id_paises,id_paises_ais) VALUES (53, 301);
INSERT INTO ais_paises (id_paises,id_paises_ais) VALUES (54, 303);
INSERT INTO ais_paises (id_paises,id_paises_ais) VALUES (55, 305);
INSERT INTO ais_paises (id_paises,id_paises_ais) VALUES (55, 304);
INSERT INTO ais_paises (id_paises,id_paises_ais) VALUES (56, 306);
INSERT INTO ais_paises (id_paises,id_paises_ais) VALUES (57, 307);
INSERT INTO ais_paises (id_paises,id_paises_ais) VALUES (58, 311);
INSERT INTO ais_paises (id_paises,id_paises_ais) VALUES (58, 308);
INSERT INTO ais_paises (id_paises,id_paises_ais) VALUES (58, 309);
INSERT INTO ais_paises (id_paises,id_paises_ais) VALUES (59, 310);
INSERT INTO ais_paises (id_paises,id_paises_ais) VALUES (60, 312);
INSERT INTO ais_paises (id_paises,id_paises_ais) VALUES (61, 314);
INSERT INTO ais_paises (id_paises,id_paises_ais) VALUES (62, 316);
INSERT INTO ais_paises (id_paises,id_paises_ais) VALUES (63, 319);
INSERT INTO ais_paises (id_paises,id_paises_ais) VALUES (64, 321);
INSERT INTO ais_paises (id_paises,id_paises_ais) VALUES (65, 323);
INSERT INTO ais_paises (id_paises,id_paises_ais) VALUES (66, 325);
INSERT INTO ais_paises (id_paises,id_paises_ais) VALUES (67, 327);
INSERT INTO ais_paises (id_paises,id_paises_ais) VALUES (68, 329);
INSERT INTO ais_paises (id_paises,id_paises_ais) VALUES (69, 330);
INSERT INTO ais_paises (id_paises,id_paises_ais) VALUES (70, 331);
INSERT INTO ais_paises (id_paises,id_paises_ais) VALUES (71, 332);
INSERT INTO ais_paises (id_paises,id_paises_ais) VALUES (72, 334);
INSERT INTO ais_paises (id_paises,id_paises_ais) VALUES (73, 336);
INSERT INTO ais_paises (id_paises,id_paises_ais) VALUES (74, 366);
INSERT INTO ais_paises (id_paises,id_paises_ais) VALUES (74, 369);
INSERT INTO ais_paises (id_paises,id_paises_ais) VALUES (74, 368);
INSERT INTO ais_paises (id_paises,id_paises_ais) VALUES (74, 338);
INSERT INTO ais_paises (id_paises,id_paises_ais) VALUES (74, 367);
INSERT INTO ais_paises (id_paises,id_paises_ais) VALUES (75, 339);
INSERT INTO ais_paises (id_paises,id_paises_ais) VALUES (76, 341);
INSERT INTO ais_paises (id_paises,id_paises_ais) VALUES (77, 343);
INSERT INTO ais_paises (id_paises,id_paises_ais) VALUES (78, 345);
INSERT INTO ais_paises (id_paises,id_paises_ais) VALUES (79, 347);
INSERT INTO ais_paises (id_paises,id_paises_ais) VALUES (80, 348);
INSERT INTO ais_paises (id_paises,id_paises_ais) VALUES (81, 350);
INSERT INTO ais_paises (id_paises,id_paises_ais) VALUES (82, 356);
INSERT INTO ais_paises (id_paises,id_paises_ais) VALUES (82, 352);
INSERT INTO ais_paises (id_paises,id_paises_ais) VALUES (82, 351);
INSERT INTO ais_paises (id_paises,id_paises_ais) VALUES (82, 371);
INSERT INTO ais_paises (id_paises,id_paises_ais) VALUES (82, 372);
INSERT INTO ais_paises (id_paises,id_paises_ais) VALUES (82, 353);
INSERT INTO ais_paises (id_paises,id_paises_ais) VALUES (82, 357);
INSERT INTO ais_paises (id_paises,id_paises_ais) VALUES (82, 355);
INSERT INTO ais_paises (id_paises,id_paises_ais) VALUES (82, 354);
INSERT INTO ais_paises (id_paises,id_paises_ais) VALUES (83, 358);
INSERT INTO ais_paises (id_paises,id_paises_ais) VALUES (84, 359);
INSERT INTO ais_paises (id_paises,id_paises_ais) VALUES (85, 361);
INSERT INTO ais_paises (id_paises,id_paises_ais) VALUES (86, 362);
INSERT INTO ais_paises (id_paises,id_paises_ais) VALUES (87, 364);
INSERT INTO ais_paises (id_paises,id_paises_ais) VALUES (88, 375);
INSERT INTO ais_paises (id_paises,id_paises_ais) VALUES (88, 376);
INSERT INTO ais_paises (id_paises,id_paises_ais) VALUES (88, 377);
INSERT INTO ais_paises (id_paises,id_paises_ais) VALUES (89, 378);
INSERT INTO ais_paises (id_paises,id_paises_ais) VALUES (90, 379);
INSERT INTO ais_paises (id_paises,id_paises_ais) VALUES (91, 401);
INSERT INTO ais_paises (id_paises,id_paises_ais) VALUES (92, 403);
INSERT INTO ais_paises (id_paises,id_paises_ais) VALUES (93, 405);
INSERT INTO ais_paises (id_paises,id_paises_ais) VALUES (94, 408);
INSERT INTO ais_paises (id_paises,id_paises_ais) VALUES (95, 410);
INSERT INTO ais_paises (id_paises,id_paises_ais) VALUES (96, 413);
INSERT INTO ais_paises (id_paises,id_paises_ais) VALUES (96, 412);
INSERT INTO ais_paises (id_paises,id_paises_ais) VALUES (97, 416);
INSERT INTO ais_paises (id_paises,id_paises_ais) VALUES (98, 417);
INSERT INTO ais_paises (id_paises,id_paises_ais) VALUES (99, 419);
INSERT INTO ais_paises (id_paises,id_paises_ais) VALUES (100, 422);
INSERT INTO ais_paises (id_paises,id_paises_ais) VALUES (101, 423);
INSERT INTO ais_paises (id_paises,id_paises_ais) VALUES (102, 425);
INSERT INTO ais_paises (id_paises,id_paises_ais) VALUES (103, 428);
INSERT INTO ais_paises (id_paises,id_paises_ais) VALUES (104, 432);
INSERT INTO ais_paises (id_paises,id_paises_ais) VALUES (104, 431);
INSERT INTO ais_paises (id_paises,id_paises_ais) VALUES (105, 434);
INSERT INTO ais_paises (id_paises,id_paises_ais) VALUES (106, 436);
INSERT INTO ais_paises (id_paises,id_paises_ais) VALUES (107, 437);
INSERT INTO ais_paises (id_paises,id_paises_ais) VALUES (108, 438);
INSERT INTO ais_paises (id_paises,id_paises_ais) VALUES (109, 441);
INSERT INTO ais_paises (id_paises,id_paises_ais) VALUES (109, 440);
INSERT INTO ais_paises (id_paises,id_paises_ais) VALUES (110, 443);
INSERT INTO ais_paises (id_paises,id_paises_ais) VALUES (111, 445);
INSERT INTO ais_paises (id_paises,id_paises_ais) VALUES (112, 447);
INSERT INTO ais_paises (id_paises,id_paises_ais) VALUES (113, 450);
INSERT INTO ais_paises (id_paises,id_paises_ais) VALUES (114, 451);
INSERT INTO ais_paises (id_paises,id_paises_ais) VALUES (115, 453);
INSERT INTO ais_paises (id_paises,id_paises_ais) VALUES (116, 455);
INSERT INTO ais_paises (id_paises,id_paises_ais) VALUES (117, 457);
INSERT INTO ais_paises (id_paises,id_paises_ais) VALUES (118, 459);
INSERT INTO ais_paises (id_paises,id_paises_ais) VALUES (119, 461);
INSERT INTO ais_paises (id_paises,id_paises_ais) VALUES (120, 463);
INSERT INTO ais_paises (id_paises,id_paises_ais) VALUES (121, 466);
INSERT INTO ais_paises (id_paises,id_paises_ais) VALUES (122, 468);
INSERT INTO ais_paises (id_paises,id_paises_ais) VALUES (123, 470);
INSERT INTO ais_paises (id_paises,id_paises_ais) VALUES (124, 475);
INSERT INTO ais_paises (id_paises,id_paises_ais) VALUES (124, 473);
INSERT INTO ais_paises (id_paises,id_paises_ais) VALUES (125, 477);
INSERT INTO ais_paises (id_paises,id_paises_ais) VALUES (126, 478);
INSERT INTO ais_paises (id_paises,id_paises_ais) VALUES (127, 501);
INSERT INTO ais_paises (id_paises,id_paises_ais) VALUES (128, 503);
INSERT INTO ais_paises (id_paises,id_paises_ais) VALUES (129, 506);
INSERT INTO ais_paises (id_paises,id_paises_ais) VALUES (130, 508);
INSERT INTO ais_paises (id_paises,id_paises_ais) VALUES (131, 510);
INSERT INTO ais_paises (id_paises,id_paises_ais) VALUES (132, 511);
INSERT INTO ais_paises (id_paises,id_paises_ais) VALUES (133, 512);
INSERT INTO ais_paises (id_paises,id_paises_ais) VALUES (134, 515);
INSERT INTO ais_paises (id_paises,id_paises_ais) VALUES (134, 514);
INSERT INTO ais_paises (id_paises,id_paises_ais) VALUES (135, 516);
INSERT INTO ais_paises (id_paises,id_paises_ais) VALUES (136, 518);
INSERT INTO ais_paises (id_paises,id_paises_ais) VALUES (137, 520);
INSERT INTO ais_paises (id_paises,id_paises_ais) VALUES (138, 523);
INSERT INTO ais_paises (id_paises,id_paises_ais) VALUES (139, 525);
INSERT INTO ais_paises (id_paises,id_paises_ais) VALUES (140, 529);
INSERT INTO ais_paises (id_paises,id_paises_ais) VALUES (141, 531);
INSERT INTO ais_paises (id_paises,id_paises_ais) VALUES (142, 533);
INSERT INTO ais_paises (id_paises,id_paises_ais) VALUES (143, 536);
INSERT INTO ais_paises (id_paises,id_paises_ais) VALUES (144, 538);
INSERT INTO ais_paises (id_paises,id_paises_ais) VALUES (145, 540);
INSERT INTO ais_paises (id_paises,id_paises_ais) VALUES (146, 542);
INSERT INTO ais_paises (id_paises,id_paises_ais) VALUES (147, 544);
INSERT INTO ais_paises (id_paises,id_paises_ais) VALUES (148, 546);
INSERT INTO ais_paises (id_paises,id_paises_ais) VALUES (149, 548);
INSERT INTO ais_paises (id_paises,id_paises_ais) VALUES (150, 553);
INSERT INTO ais_paises (id_paises,id_paises_ais) VALUES (151, 555);
INSERT INTO ais_paises (id_paises,id_paises_ais) VALUES (152, 557);
INSERT INTO ais_paises (id_paises,id_paises_ais) VALUES (153, 559);
INSERT INTO ais_paises (id_paises,id_paises_ais) VALUES (154, 561);
INSERT INTO ais_paises (id_paises,id_paises_ais) VALUES (155, 565);
INSERT INTO ais_paises (id_paises,id_paises_ais) VALUES (155, 564);
INSERT INTO ais_paises (id_paises,id_paises_ais) VALUES (155, 563);
INSERT INTO ais_paises (id_paises,id_paises_ais) VALUES (156, 567);
INSERT INTO ais_paises (id_paises,id_paises_ais) VALUES (157, 570);
INSERT INTO ais_paises (id_paises,id_paises_ais) VALUES (158, 572);
INSERT INTO ais_paises (id_paises,id_paises_ais) VALUES (159, 574);
INSERT INTO ais_paises (id_paises,id_paises_ais) VALUES (160, 576);
INSERT INTO ais_paises (id_paises,id_paises_ais) VALUES (161, 578);
INSERT INTO ais_paises (id_paises,id_paises_ais) VALUES (162, 601);
INSERT INTO ais_paises (id_paises,id_paises_ais) VALUES (163, 603);
INSERT INTO ais_paises (id_paises,id_paises_ais) VALUES (164, 605);
INSERT INTO ais_paises (id_paises,id_paises_ais) VALUES (165, 607);
INSERT INTO ais_paises (id_paises,id_paises_ais) VALUES (166, 608);
INSERT INTO ais_paises (id_paises,id_paises_ais) VALUES (224, 725);
INSERT INTO ais_paises (id_paises,id_paises_ais) VALUES (225, 730);
INSERT INTO ais_paises (id_paises,id_paises_ais) VALUES (226, 735);
INSERT INTO ais_paises (id_paises,id_paises_ais) VALUES (227, 740);
INSERT INTO ais_paises (id_paises,id_paises_ais) VALUES (228, 745);
INSERT INTO ais_paises (id_paises,id_paises_ais) VALUES (229, 750);
INSERT INTO ais_paises (id_paises,id_paises_ais) VALUES (230, 755);
INSERT INTO ais_paises (id_paises,id_paises_ais) VALUES (231, 760);
INSERT INTO ais_paises (id_paises,id_paises_ais) VALUES (232, 765);
INSERT INTO ais_paises (id_paises,id_paises_ais) VALUES (233, 770);
INSERT INTO ais_paises (id_paises,id_paises_ais) VALUES (234, 775);

INSERT INTO ais_tiponavio (id_tipo_navio,id_tipo_navio_ais) VALUES (0, 0);
INSERT INTO ais_tiponavio (id_tipo_navio,id_tipo_navio_ais) VALUES (0, 10);
INSERT INTO ais_tiponavio (id_tipo_navio,id_tipo_navio_ais) VALUES (0, 11);
INSERT INTO ais_tiponavio (id_tipo_navio,id_tipo_navio_ais) VALUES (0, 12);
INSERT INTO ais_tiponavio (id_tipo_navio,id_tipo_navio_ais) VALUES (0, 13);
INSERT INTO ais_tiponavio (id_tipo_navio,id_tipo_navio_ais) VALUES (0, 14);
INSERT INTO ais_tiponavio (id_tipo_navio,id_tipo_navio_ais) VALUES (1, 20);
INSERT INTO ais_tiponavio (id_tipo_navio,id_tipo_navio_ais) VALUES (1, 21);
INSERT INTO ais_tiponavio (id_tipo_navio,id_tipo_navio_ais) VALUES (1, 22);
INSERT INTO ais_tiponavio (id_tipo_navio,id_tipo_navio_ais) VALUES (1, 23);
INSERT INTO ais_tiponavio (id_tipo_navio,id_tipo_navio_ais) VALUES (1, 24);
INSERT INTO ais_tiponavio (id_tipo_navio,id_tipo_navio_ais) VALUES (1, 25);
INSERT INTO ais_tiponavio (id_tipo_navio,id_tipo_navio_ais) VALUES (1, 26);
INSERT INTO ais_tiponavio (id_tipo_navio,id_tipo_navio_ais) VALUES (1, 27);
INSERT INTO ais_tiponavio (id_tipo_navio,id_tipo_navio_ais) VALUES (1, 28);
INSERT INTO ais_tiponavio (id_tipo_navio,id_tipo_navio_ais) VALUES (1, 29);
INSERT INTO ais_tiponavio (id_tipo_navio,id_tipo_navio_ais) VALUES (2, 30);
INSERT INTO ais_tiponavio (id_tipo_navio,id_tipo_navio_ais) VALUES (3, 31);
INSERT INTO ais_tiponavio (id_tipo_navio,id_tipo_navio_ais) VALUES (3, 32);
INSERT INTO ais_tiponavio (id_tipo_navio,id_tipo_navio_ais) VALUES (4, 33);
INSERT INTO ais_tiponavio (id_tipo_navio,id_tipo_navio_ais) VALUES (5, 34);
INSERT INTO ais_tiponavio (id_tipo_navio,id_tipo_navio_ais) VALUES (6, 35);
INSERT INTO ais_tiponavio (id_tipo_navio,id_tipo_navio_ais) VALUES (7, 36);
INSERT INTO ais_tiponavio (id_tipo_navio,id_tipo_navio_ais) VALUES (9, 40);
INSERT INTO ais_tiponavio (id_tipo_navio,id_tipo_navio_ais) VALUES (8, 37);
INSERT INTO ais_tiponavio (id_tipo_navio,id_tipo_navio_ais) VALUES (9, 41);
INSERT INTO ais_tiponavio (id_tipo_navio,id_tipo_navio_ais) VALUES (9, 42);
INSERT INTO ais_tiponavio (id_tipo_navio,id_tipo_navio_ais) VALUES (9, 43);
INSERT INTO ais_tiponavio (id_tipo_navio,id_tipo_navio_ais) VALUES (9, 44);
INSERT INTO ais_tiponavio (id_tipo_navio,id_tipo_navio_ais) VALUES (9, 45);
INSERT INTO ais_tiponavio (id_tipo_navio,id_tipo_navio_ais) VALUES (9, 46);
INSERT INTO ais_tiponavio (id_tipo_navio,id_tipo_navio_ais) VALUES (9, 47);
INSERT INTO ais_tiponavio (id_tipo_navio,id_tipo_navio_ais) VALUES (9, 48);
INSERT INTO ais_tiponavio (id_tipo_navio,id_tipo_navio_ais) VALUES (9, 49);
INSERT INTO ais_tiponavio (id_tipo_navio,id_tipo_navio_ais) VALUES (10, 50);
INSERT INTO ais_tiponavio (id_tipo_navio,id_tipo_navio_ais) VALUES (11, 51);
INSERT INTO ais_tiponavio (id_tipo_navio,id_tipo_navio_ais) VALUES (12, 52);
INSERT INTO ais_tiponavio (id_tipo_navio,id_tipo_navio_ais) VALUES (13, 53);
INSERT INTO ais_tiponavio (id_tipo_navio,id_tipo_navio_ais) VALUES (14, 54);
INSERT INTO ais_tiponavio (id_tipo_navio,id_tipo_navio_ais) VALUES (15, 55);
INSERT INTO ais_tiponavio (id_tipo_navio,id_tipo_navio_ais) VALUES (16, 56);
INSERT INTO ais_tiponavio (id_tipo_navio,id_tipo_navio_ais) VALUES (16, 57);
INSERT INTO ais_tiponavio (id_tipo_navio,id_tipo_navio_ais) VALUES (17, 58);
INSERT INTO ais_tiponavio (id_tipo_navio,id_tipo_navio_ais) VALUES (18, 59);
INSERT INTO ais_tiponavio (id_tipo_navio,id_tipo_navio_ais) VALUES (19, 60);
INSERT INTO ais_tiponavio (id_tipo_navio,id_tipo_navio_ais) VALUES (19, 61);
INSERT INTO ais_tiponavio (id_tipo_navio,id_tipo_navio_ais) VALUES (19, 62);
INSERT INTO ais_tiponavio (id_tipo_navio,id_tipo_navio_ais) VALUES (19, 63);
INSERT INTO ais_tiponavio (id_tipo_navio,id_tipo_navio_ais) VALUES (19, 64);
INSERT INTO ais_tiponavio (id_tipo_navio,id_tipo_navio_ais) VALUES (19, 65);
INSERT INTO ais_tiponavio (id_tipo_navio,id_tipo_navio_ais) VALUES (19, 66);
INSERT INTO ais_tiponavio (id_tipo_navio,id_tipo_navio_ais) VALUES (19, 67);
INSERT INTO ais_tiponavio (id_tipo_navio,id_tipo_navio_ais) VALUES (19, 68);
INSERT INTO ais_tiponavio (id_tipo_navio,id_tipo_navio_ais) VALUES (19, 69);
INSERT INTO ais_tiponavio (id_tipo_navio,id_tipo_navio_ais) VALUES (20, 70);
INSERT INTO ais_tiponavio (id_tipo_navio,id_tipo_navio_ais) VALUES (20, 71);
INSERT INTO ais_tiponavio (id_tipo_navio,id_tipo_navio_ais) VALUES (20, 72);
INSERT INTO ais_tiponavio (id_tipo_navio,id_tipo_navio_ais) VALUES (20, 73);
INSERT INTO ais_tiponavio (id_tipo_navio,id_tipo_navio_ais) VALUES (20, 74);
INSERT INTO ais_tiponavio (id_tipo_navio,id_tipo_navio_ais) VALUES (20, 75);
INSERT INTO ais_tiponavio (id_tipo_navio,id_tipo_navio_ais) VALUES (20, 76);
INSERT INTO ais_tiponavio (id_tipo_navio,id_tipo_navio_ais) VALUES (20, 77);
INSERT INTO ais_tiponavio (id_tipo_navio,id_tipo_navio_ais) VALUES (20, 78);
INSERT INTO ais_tiponavio (id_tipo_navio,id_tipo_navio_ais) VALUES (20, 79);
INSERT INTO ais_tiponavio (id_tipo_navio,id_tipo_navio_ais) VALUES (21, 80);
INSERT INTO ais_tiponavio (id_tipo_navio,id_tipo_navio_ais) VALUES (21, 81);
INSERT INTO ais_tiponavio (id_tipo_navio,id_tipo_navio_ais) VALUES (21, 82);
INSERT INTO ais_tiponavio (id_tipo_navio,id_tipo_navio_ais) VALUES (21, 83);
INSERT INTO ais_tiponavio (id_tipo_navio,id_tipo_navio_ais) VALUES (21, 84);
INSERT INTO ais_tiponavio (id_tipo_navio,id_tipo_navio_ais) VALUES (21, 85);
INSERT INTO ais_tiponavio (id_tipo_navio,id_tipo_navio_ais) VALUES (21, 86);
INSERT INTO ais_tiponavio (id_tipo_navio,id_tipo_navio_ais) VALUES (21, 87);
INSERT INTO ais_tiponavio (id_tipo_navio,id_tipo_navio_ais) VALUES (21, 88);
INSERT INTO ais_tiponavio (id_tipo_navio,id_tipo_navio_ais) VALUES (21, 89);
INSERT INTO ais_tiponavio (id_tipo_navio,id_tipo_navio_ais) VALUES (22, 90);
INSERT INTO ais_tiponavio (id_tipo_navio,id_tipo_navio_ais) VALUES (22, 91);
INSERT INTO ais_tiponavio (id_tipo_navio,id_tipo_navio_ais) VALUES (22, 92);
INSERT INTO ais_tiponavio (id_tipo_navio,id_tipo_navio_ais) VALUES (22, 93);
INSERT INTO ais_tiponavio (id_tipo_navio,id_tipo_navio_ais) VALUES (22, 94);
INSERT INTO ais_tiponavio (id_tipo_navio,id_tipo_navio_ais) VALUES (22, 95);
INSERT INTO ais_tiponavio (id_tipo_navio,id_tipo_navio_ais) VALUES (22, 96);
INSERT INTO ais_tiponavio (id_tipo_navio,id_tipo_navio_ais) VALUES (22, 97);
INSERT INTO ais_tiponavio (id_tipo_navio,id_tipo_navio_ais) VALUES (22, 98);
INSERT INTO ais_tiponavio (id_tipo_navio,id_tipo_navio_ais) VALUES (22, 99);

INSERT INTO luz_navegacao(id, tipo) VALUES (0, 'BOW_ANCHORT_LIGHT_ID');
INSERT INTO luz_navegacao(id, tipo) VALUES (1, 'PORT_LIGHT_ID');
INSERT INTO luz_navegacao(
            id, tipo)
    VALUES (2, 'STARBOARD_LIGHT_ID');
INSERT INTO luz_navegacao(
            id, tipo)
    VALUES (3, 'FOREMAST_LIGHT_ID');
INSERT INTO luz_navegacao(
            id, tipo)
    VALUES (4, 'HIGH_PORT_LIGHT_ID');
INSERT INTO luz_navegacao(
            id, tipo)
    VALUES (5, 'HIGH_WHITE_LIGHT_ID');
INSERT INTO luz_navegacao(
            id, tipo)
    VALUES (6, 'HIGH_STARBOARD_LIGHT_ID');
INSERT INTO luz_navegacao(
            id, tipo)
    VALUES (7, 'MID_PORT_LIGHT_ID');
INSERT INTO luz_navegacao(
            id, tipo)
    VALUES (8, 'MID_WHITE_SECTORAL_LIGHT_ID');
INSERT INTO luz_navegacao(
            id, tipo)
    VALUES (9, 'MID_STARBOARD_LIGHT_ID');
INSERT INTO luz_navegacao(
            id, tipo)
    VALUES (10, 'LOW_PORT_LIGHT_ID');
INSERT INTO luz_navegacao(
            id, tipo)
    VALUES (11, 'FISHING_TRAIL_LIGHT_ID');
INSERT INTO luz_navegacao(
            id, tipo)
    VALUES (12, 'LOW_STARBOARD_LIGHT_ID');
INSERT INTO luz_navegacao(
            id, tipo)
    VALUES (13, 'MAST_LIGHT_ID');
INSERT INTO luz_navegacao(
            id, tipo)
    VALUES (14, 'TOWING_LIGHT_ID');
INSERT INTO luz_navegacao(
            id, tipo)
    VALUES (15, 'STERN_LIGHT_ID');
INSERT INTO luz_navegacao(
            id, tipo)
    VALUES (16, 'STERN_ANCHOR_LIGHT_ID');
INSERT INTO luz_navegacao(
            id, tipo)
    VALUES (17, 'MID_WHITE_ALLROUND_LIGHT_ID');
INSERT INTO luz_navegacao(
            id, tipo)
    VALUES (24, 'DREDGING_PORT_LIGHT_ID');
INSERT INTO luz_navegacao(
            id, tipo)
    VALUES (25, 'DREDGING_STARBOARD_LIGHT_ID');
INSERT INTO luz_navegacao(
            id, tipo)
    VALUES (26, 'DREDGING_PORT_LIGHT_ID2');
INSERT INTO luz_navegacao(
            id, tipo)
    VALUES (27, 'DREDGING_STARBOARD_LIGHT_ID2');
INSERT INTO luz_navegacao(
            id, tipo)
    VALUES (22, 'DREDGING_INVERTED_PORT_LIGHT_ID');
INSERT INTO luz_navegacao(
            id, tipo)
    VALUES (28, 'DREDGING_INVERTED_PORT_LIGHT_ID2');
INSERT INTO luz_navegacao(
            id, tipo)
    VALUES (23, 'DREDGING_INVERTED_STARBOARD_LIGHT_ID');
INSERT INTO luz_navegacao(
            id, tipo)
    VALUES (29, 'DREDGING_INVERTED_STARBOARD_LIGHT_ID2');



INSERT INTO simbologia(
            id_simbologia, nome)
    VALUES (1, 'IPQM');

INSERT INTO simbologia(
            id_simbologia, nome)
    VALUES (2, 'IHO');

INSERT INTO simbologia(
            id_simbologia, nome)
    VALUES (3, 'NATO');
INSERT INTO simbologia(
            id_simbologia,nome)
    VALUES (4,'COMOPNAV516A');
INSERT INTO simbologia(
            id_simbologia,nome)
    VALUES (5,'COMOPNAV_SCUA');

--Ambiente Instalação
INSERT INTO ambiente_instalacao (id_ambiente_instalacao, nome) VALUES (1, 'WEB');
INSERT INTO ambiente_instalacao (id_ambiente_instalacao, nome) VALUES (2, 'DESKTOP');
INSERT INTO ambiente_instalacao (id_ambiente_instalacao, nome) VALUES (3, 'MOBILE');

INSERT INTO perfil_usuario (id_perfil, nome, classe, id_simbologia, servidor_cartas, historico_navegacao,perfil_instrutor,necessita_veiculo_associado) VALUES (1, 'CISNE', 'CISNE', 1, 'IPQM', true, false,true);
INSERT INTO perfil_usuario (id_perfil, nome, classe, id_simbologia, servidor_cartas, historico_navegacao,perfil_instrutor) VALUES (2, 'Administrador', 'Administrador', 1, 'IPQM',false,  false);
INSERT INTO perfil_usuario (id_perfil, nome, classe, id_simbologia, servidor_cartas, historico_navegacao,perfil_instrutor) VALUES (3, 'Instrutor SSTT-3', 'InstrutorSSTT', 4, 'SSTT', false,  true);
INSERT INTO perfil_usuario (id_perfil, nome, classe, id_simbologia, servidor_cartas, historico_navegacao,perfil_instrutor) VALUES (4, 'Instrutor SimNav', 'InstrutorSimNav', 1, 'IPQM', false,  true);
INSERT INTO perfil_usuario (id_perfil, nome, classe, id_simbologia, servidor_cartas, historico_navegacao,perfil_instrutor,necessita_veiculo_associado) VALUES (5, 'Aluno SSTT-3', 'AlunoSSTT', 4, 'SSTT', false, false,true);
INSERT INTO perfil_usuario (id_perfil, nome, classe, id_simbologia, servidor_cartas, historico_navegacao,perfil_instrutor,necessita_veiculo_associado) VALUES (6, 'Aluno SimNav', 'AlunoSimNav', 1, 'IPQM', false,  false,true);
INSERT INTO perfil_usuario (id_perfil, nome, classe, id_simbologia, servidor_cartas, historico_navegacao,perfil_instrutor,quantidade_maxima_objetos,necessita_veiculo_associado) VALUES (7, 'SCUA', 'SCUA', 5, 'IPQM', false,  false, 10000, true);
INSERT INTO perfil_usuario (id_perfil, nome, classe, id_simbologia, servidor_cartas, historico_navegacao,perfil_instrutor) VALUES (8, 'SAR', 'SAR', 1, 'IPQM', false, false);
INSERT INTO perfil_usuario (id_perfil, nome, classe, id_simbologia, servidor_cartas, historico_navegacao,perfil_instrutor) VALUES (9, 'Estratégia', 'Estrategia', 1, 'IPQM', false, false);
INSERT INTO perfil_usuario (id_perfil, nome, classe, id_simbologia, servidor_cartas, historico_navegacao,perfil_instrutor) VALUES (10, 'Suporte', 'Suporte', 1, 'IPQM',false,  false);
INSERT INTO perfil_usuario (id_perfil, nome, classe, id_simbologia, servidor_cartas, historico_navegacao,perfil_instrutor) VALUES (11, 'Preparação SSTT', 'PreparacaoSSTT', 1, 'IPQM',false,  false);
INSERT INTO perfil_usuario (id_perfil, nome, classe, id_simbologia, servidor_cartas, historico_navegacao,perfil_instrutor) VALUES (12, 'Preparação SimNav', 'PreparacaoSimNav', 1, 'IPQM',false,  false);
INSERT INTO perfil_usuario (id_perfil, nome, classe, id_simbologia, servidor_cartas, historico_navegacao,perfil_instrutor) VALUES (13, 'Preparação CISNE', 'PreparacaoCISNE', 1, 'IPQM',false,  false);
INSERT INTO perfil_usuario (id_perfil, nome, classe, id_simbologia, servidor_cartas, historico_navegacao,perfil_instrutor) VALUES (14, 'Preparação SimPer', 'PreparacaoSimPer', 1, 'IPQM',false,  false);
INSERT INTO perfil_usuario (id_perfil, nome, classe, id_simbologia, servidor_cartas, historico_navegacao,perfil_instrutor) VALUES (15, 'Administrador CISNE', 'AdministradorCISNE', 1, 'IPQM',false,  false);
INSERT INTO perfil_usuario (id_perfil, nome, classe, id_simbologia, servidor_cartas, historico_navegacao,perfil_instrutor,necessita_veiculo_associado) VALUES (16, 'Aluno SimPer', 'AlunoSimPer', 1, 'IPQM', false,  false,true);
INSERT INTO perfil_usuario (id_perfil, nome, classe, id_simbologia, servidor_cartas, historico_navegacao,perfil_instrutor) VALUES (17, 'Reprodução', 'Reproducao', 4, 'SSTT',false,  false);
INSERT INTO maquina (id_maquina,hostname, titulo)  VALUES (1,  '%PROPRIA_MAQUINA%', 'Própria Máquina');
SELECT setval('maquina_seq', 1);

INSERT INTO usuario (id_usuario, id_perfil, usuario, senha, descricao) VALUES (1, 1, 'cisne', '03AC674216F3E15C761EE1A5E255F067953623C8B388B4459E13F978D7C846F4','');
INSERT INTO usuario (id_usuario, id_perfil, usuario, senha, descricao) VALUES (2, 2, 'admin', '03AC674216F3E15C761EE1A5E255F067953623C8B388B4459E13F978D7C846F4','');
INSERT INTO usuario (id_usuario, id_perfil, usuario, senha, descricao) VALUES (3, 3, 'instrutor', '03AC674216F3E15C761EE1A5E255F067953623C8B388B4459E13F978D7C846F4','');
INSERT INTO usuario (id_usuario, id_perfil, usuario, senha, descricao) VALUES (4, 5, 'sonar', '03AC674216F3E15C761EE1A5E255F067953623C8B388B4459E13F978D7C846F4','');
INSERT INTO usuario (id_usuario, id_perfil, usuario, senha, descricao) VALUES (5, 11, 'preparacao', '03AC674216F3E15C761EE1A5E255F067953623C8B388B4459E13F978D7C846F4','');
INSERT INTO usuario (id_usuario, id_perfil, usuario, senha, descricao) VALUES (6, 5, 'governo', '03AC674216F3E15C761EE1A5E255F067953623C8B388B4459E13F978D7C846F4','');
INSERT INTO usuario (id_usuario, id_perfil, usuario, senha, descricao) VALUES (7, 5, 'mage', '03AC674216F3E15C761EE1A5E255F067953623C8B388B4459E13F978D7C846F4','');
INSERT INTO usuario (id_usuario, id_perfil, usuario, senha, descricao) VALUES (8, 10, 'reproducao', '03AC674216F3E15C761EE1A5E255F067953623C8B388B4459E13F978D7C846F4','');
INSERT INTO usuario (id_usuario, id_perfil, usuario, senha, descricao) VALUES (9, 5, 'radar', '03AC674216F3E15C761EE1A5E255F067953623C8B388B4459E13F978D7C846F4','');
INSERT INTO usuario (id_usuario, id_perfil, usuario, senha, descricao) VALUES (11, 5, 'navegacao', '03AC674216F3E15C761EE1A5E255F067953623C8B388B4459E13F978D7C846F4','');
INSERT INTO usuario (id_usuario, id_perfil, usuario, senha, descricao) VALUES (12, 2, 'estrategia', '03AC674216F3E15C761EE1A5E255F067953623C8B388B4459E13F978D7C846F4','');
INSERT INTO usuario (id_usuario, id_perfil, usuario, senha, descricao) VALUES (13, 8, 'sar', '03AC674216F3E15C761EE1A5E255F067953623C8B388B4459E13F978D7C846F4','');
INSERT INTO usuario (id_usuario, id_perfil, usuario, senha, descricao) VALUES (14, 7, 'con', '03AC674216F3E15C761EE1A5E255F067953623C8B388B4459E13F978D7C846F4','');
INSERT INTO usuario (id_usuario, id_perfil, usuario, senha, descricao) VALUES (15, 10, 'suporte', '03AC674216F3E15C761EE1A5E255F067953623C8B388B4459E13F978D7C846F4','');
INSERT INTO usuario (id_usuario, id_perfil, usuario, senha, descricao) VALUES (16, 5, 'aluno', '03AC674216F3E15C761EE1A5E255F067953623C8B388B4459E13F978D7C846F4','');
SELECT setval('usuario_seq', 16);

INSERT INTO usuario_func (id_funcionalidade,id_usuario, interagir,posicao) VALUES (1, 1,true,1);
INSERT INTO usuario_func (id_funcionalidade,id_usuario, interagir,posicao) VALUES (3, 1,true,2);
INSERT INTO usuario_func (id_funcionalidade,id_usuario, interagir,posicao) VALUES (4, 1,true,3);
INSERT INTO usuario_func (id_funcionalidade,id_usuario, interagir,posicao) VALUES (5, 1,true,4);
INSERT INTO usuario_func (id_funcionalidade,id_usuario, interagir,posicao) VALUES (20, 1,true,6);
INSERT INTO usuario_func (id_funcionalidade,id_usuario, interagir,posicao) VALUES (2, 3,true,1);
INSERT INTO usuario_func (id_funcionalidade,id_usuario, interagir,posicao) VALUES (6, 3,true,2);
INSERT INTO usuario_func (id_funcionalidade,id_usuario, interagir,posicao) VALUES (4, 3,true,3);
INSERT INTO usuario_func (id_funcionalidade,id_usuario, interagir,posicao) VALUES (7, 2,true,1);
INSERT INTO usuario_func (id_funcionalidade,id_usuario, interagir,posicao) VALUES (9, 2,true,2);
INSERT INTO usuario_func (id_funcionalidade,id_usuario, interagir,posicao) VALUES (3, 4,true,2);
INSERT INTO usuario_func (id_funcionalidade,id_usuario, interagir,posicao) VALUES (2, 4,true,4);
INSERT INTO usuario_func (id_funcionalidade,id_usuario, interagir,posicao) VALUES (6, 4,true,5);
INSERT INTO usuario_func (id_funcionalidade,id_usuario, interagir,posicao) VALUES (17, 5,true,3);
INSERT INTO usuario_func (id_funcionalidade,id_usuario, interagir,posicao) VALUES (11, 6,true,1);
INSERT INTO usuario_func (id_funcionalidade,id_usuario, interagir,posicao) VALUES (1, 6, true, 2);
INSERT INTO usuario_func (id_funcionalidade,id_usuario, interagir,posicao) VALUES (12, 1,true,5);
INSERT INTO usuario_func (id_funcionalidade,id_usuario, interagir,posicao) VALUES (14, 7,true,1);
INSERT INTO usuario_func (id_funcionalidade,id_usuario, interagir,posicao) VALUES (15, 3, true,4);
INSERT INTO usuario_func (id_funcionalidade,id_usuario, interagir,posicao) VALUES (18, 8,true,1);
INSERT INTO usuario_func (id_funcionalidade,id_usuario, interagir,posicao) VALUES (19, 9,true,1);
INSERT INTO usuario_func (id_funcionalidade,id_usuario, interagir,posicao) VALUES (1, 11,true,1);
INSERT INTO usuario_func (id_funcionalidade,id_usuario, interagir,posicao) VALUES (11, 11,true,2);
INSERT INTO usuario_func (id_funcionalidade,id_usuario, interagir,posicao) VALUES (3, 11,true,3);
INSERT INTO usuario_func (id_funcionalidade,id_usuario, interagir,posicao) VALUES (4, 11,true,4);
INSERT INTO usuario_func (id_funcionalidade,id_usuario, interagir,posicao) VALUES (12, 11,true,5);
INSERT INTO usuario_func (id_funcionalidade,id_usuario, interagir,posicao) VALUES (21, 8,true,2);
INSERT INTO usuario_func (id_funcionalidade,id_usuario, interagir,posicao) VALUES (10, 4,true,1);
INSERT INTO usuario_func (id_funcionalidade,id_usuario, interagir,posicao) VALUES (22, 12,true,1);
INSERT INTO usuario_func (id_funcionalidade,id_usuario, interagir,posicao) VALUES (23, 12,true,2);
INSERT INTO usuario_func (id_funcionalidade,id_usuario, interagir,posicao) VALUES (24, 13,true,1);
INSERT INTO usuario_func (id_funcionalidade,id_usuario, interagir,posicao) VALUES (25, 13,true,2);
INSERT INTO usuario_func (id_funcionalidade,id_usuario, interagir,posicao) VALUES (26, 13,true,3);
INSERT INTO usuario_func (id_funcionalidade,id_usuario, interagir,posicao) VALUES (28, 5,true,2);
INSERT INTO usuario_func (id_funcionalidade,id_usuario, interagir,posicao) VALUES (29, 1,true,7);
INSERT INTO usuario_func (id_funcionalidade,id_usuario, interagir,posicao) VALUES (36, 14,true,1);
INSERT INTO usuario_func (id_funcionalidade,id_usuario, interagir,posicao) VALUES (3, 14,true,2);
INSERT INTO usuario_func (id_funcionalidade,id_usuario, interagir,posicao) VALUES (12, 14,true,3);
INSERT INTO usuario_func (id_funcionalidade,id_usuario, interagir,posicao) VALUES (38, 14,true,4);
INSERT INTO usuario_func (id_funcionalidade,id_usuario, interagir,posicao) VALUES (4, 14,true,5);
INSERT INTO usuario_func (id_funcionalidade,id_usuario, interagir,posicao) VALUES (47,14,true,6);
INSERT INTO usuario_func (id_funcionalidade,id_usuario, interagir,posicao) VALUES (30, 5,true,4);
INSERT INTO usuario_func (id_funcionalidade,id_usuario, interagir,posicao) VALUES (31, 15,true,1);
INSERT INTO usuario_func (id_funcionalidade,id_usuario, interagir,posicao) VALUES (34, 15,true,4);
INSERT INTO usuario_func (id_funcionalidade,id_usuario, interagir,posicao) VALUES (32, 5,true,1); 
INSERT INTO usuario_func (id_funcionalidade,id_usuario, interagir,posicao) VALUES (16, 5,true,5);
INSERT INTO usuario_func (id_funcionalidade,id_usuario, interagir,posicao) VALUES (33, 5,true,6);
INSERT INTO usuario_func (id_funcionalidade,id_usuario, interagir,posicao) VALUES (15,15,true,2);
INSERT INTO usuario_func (id_funcionalidade,id_usuario, interagir,posicao) VALUES (41,16,true,1);
INSERT INTO usuario_func (id_funcionalidade,id_usuario, interagir,posicao) VALUES (3,16,true,2);
INSERT INTO usuario_func (id_funcionalidade,id_usuario, interagir,posicao) VALUES (4,16,true,3);
INSERT INTO usuario_func (id_funcionalidade,id_usuario, interagir,posicao) VALUES (5,16,true,4);
INSERT INTO usuario_func (id_funcionalidade,id_usuario, interagir,posicao) VALUES (10,16,true,5);
INSERT INTO usuario_func (id_funcionalidade,id_usuario, interagir,posicao) VALUES (11,16,true,6);
INSERT INTO usuario_func (id_funcionalidade,id_usuario, interagir,posicao) VALUES (12,16,true,7);
INSERT INTO usuario_func (id_funcionalidade,id_usuario, interagir,posicao) VALUES (19,16,true,8);
INSERT INTO usuario_func (id_funcionalidade,id_usuario, interagir,posicao) VALUES (14,16,true,9);
INSERT INTO usuario_func (id_funcionalidade,id_usuario, interagir,posicao) VALUES (35,5,true,7);
INSERT INTO usuario_func (id_funcionalidade,id_usuario, interagir,posicao) VALUES (40,5,true,8);


-- admin

ALTER TABLE usuario_maquina DROP CONSTRAINT IF EXISTS id_maquina_fk;
ALTER TABLE usuario_maquina ADD CONSTRAINT id_maquina_fk FOREIGN KEY (id_maquina)
      REFERENCES maquina (id_maquina) MATCH SIMPLE
      ON UPDATE NO ACTION ON DELETE CASCADE;

ALTER TABLE usuario_maquina DROP CONSTRAINT IF EXISTS id_usuario_fk;
ALTER TABLE usuario_maquina ADD CONSTRAINT id_usuario_fk FOREIGN KEY (id_usuario)
      REFERENCES usuario (id_usuario) MATCH SIMPLE
      ON UPDATE NO ACTION ON DELETE CASCADE;

INSERT INTO usuario_maquina VALUES (1, 2, false);

-- preparação
INSERT INTO usuario_maquina VALUES (1, 5, false); 
